id,type,label,title,year,priority,summary,limits,url,file,authors,tags,publication_status,review_level,seed,paper_count
chen-1995,paper,Operator universality,Universal approximation to nonlinear operators by neural networks with arbitrary activation functions and its application to dynamical systems,1995,background,Early neural-network approximation theorem for nonlinear operators.,"An existence result, not a guarantee of efficient training or recovery from arbitrary sparse observations.",https://pubmed.ncbi.nlm.nih.gov/18263379/,,"[""Tianping Chen"", ""Hong Chen""]","[""operator-learning"", ""theory""]",IEEE Transactions on Neural Networks 6(4):911–917; DOI 10.1109/72.392253,primary_abstract_and_citing_paper,False,
eim-2004,paper,Empirical interpolation,An empirical interpolation method: application to efficient reduced-basis discretization of partial differential equations,2004,core,Builds a reduced representation of parameter-dependent functions using selected evaluation points.,"Historical foundation for avoiding expensive full-domain evaluations. Its original target is reduced-basis PDE computation, not training a neural operator.",https://www.mit.edu/~cuongng/publication/pub1/,eim-2004.pdf,"[""Maxime Barrault"", ""Yvon Maday"", ""Ngoc Cuong Nguyen"", ""Anthony T. Patera""]","[""quadrature"", ""hyper-reduction""]","Comptes Rendus Mathematique 339 (2004), 667–672; DOI 10.1016/j.crma.2004.08.006",abstract_screened,False,
deim-2009,paper,DEIM,Discrete Empirical Interpolation for Nonlinear Model Reduction,2009,core,Uses a reduced basis and selected entries to cheaply approximate nonlinear terms.,"A key baseline for sample-efficient evaluation. The original technical-report URL was inaccessible; bibliography verified through the author page and SIAM article, without claiming full-text review.",https://laertes.caam.rice.edu/tech_reports/2009/TR09-05.pdf,,"[""Saifon Chaturantabut"", ""Danny C. Sorensen""]","[""hyper-reduction"", ""sampling""]",Rice technical report TR09-05 (2009); precursor to SIAM J. Sci. Comput. 2010 DEIM article,bibliographic_record_only,False,
stable-cs-2005,paper,Stable compressed sensing,Stable Signal Recovery from Incomplete and Inaccurate Measurements,2005,background,Establishes stable sparse-signal recovery from incomplete noisy linear measurements under conditions on the measurement matrix.,"Explains why sparsity alone is insufficient: the measurement process must expose the sparse representation. A foundation, not a universal neural-network speedup theorem.",https://arxiv.org/abs/math/0503066,stable-cs-2005.pdf,"[""Emmanuel Candes"", ""Justin Romberg"", ""Terence Tao""]","[""compressed-sensing"", ""theory""]",arXiv version collected; separate publication status not independently verified,abstract_screened,False,
sparse-operators-2012,paper,Sparse operator identification,Identification of Sparse Linear Operators,2012,core,Identifies structured linear operators from probing signals under conditions on their spreading-function support.,Direct predecessor for learning the operator itself through sparse recovery. The specific time-frequency operator class matters; its guarantees do not cover arbitrary temperature-conditioned kernels.,https://arxiv.org/abs/1209.5187,sparse-operators-2012.pdf,"[""Reinhard Heckel"", ""Helmut Bölcskei""]","[""compressed-sensing"", ""system-identification""]",arXiv version collected; separate publication status not independently verified,abstract_screened,False,
sindy-2015,paper,SINDy,Discovering governing equations from data: Sparse identification of nonlinear dynamical systems,2015,background,Fits sparse combinations of candidate nonlinear functions to discover dynamical equations from data.,Useful sparse-regression comparator. Learning an evolution equation differs from learning a finite-horizon solution operator; derivative estimation and the dictionary are consequential.,https://arxiv.org/abs/1509.03580,sindy-2015.pdf,"[""Steven L. Brunton"", ""Joshua L. Proctor"", ""J. Nathan Kutz""]","[""compressed-sensing"", ""system-identification""]",arXiv version collected; separate publication status not independently verified,abstract_screened,False,
cs-polynomials-2017,paper,Sparse polynomial approximation,Compressed sensing approaches for polynomial approximation of high-dimensional functions,2017,core,Reviews structured sparse polynomial approximation and weighted recovery for high-dimensional functions.,Seed paper. Its sparsity and regularity assumptions motivate faster kernel identification; they do not establish that an arbitrary learned integrand has a sparse expansion.,https://arxiv.org/abs/1703.06987,1703.06987v2.pdf,"[""Ben Adcock"", ""Simone Brugiapaglia"", ""Clayton G. Webster""]","[""compressed-sensing"", ""sampling"", ""theory""]",arXiv version collected; separate publication status not independently verified,targeted_full_text,True,
cs-generative-2017,paper,Generative compressed sensing,Compressed Sensing using Generative Models,2017,background,Uses the range of a generative model as a prior for recovering signals from limited measurements.,"Connects learned structure to recovery guarantees. This concerns recovering a signal using a learned prior, not automatically accelerating training of that prior.",https://arxiv.org/abs/1703.03208,cs-generative-2017.pdf,"[""Ashish Bora"", ""Ajil Jalal"", ""Eric Price"", ""Alexandros G. Dimakis""]","[""compressed-sensing"", ""inverse-problems""]",arXiv version collected; separate publication status not independently verified,abstract_screened,False,
ecm-2017,paper,Empirical cubature,Dimensional hyper-reduction of nonlinear finite element models via empirical cubature,2017,core,Selects integration points and positive weights to reproduce reduced internal-force integrals in finite-element models.,Closest classical baseline for the proposed inference acceleration. A quadrature rule fitted to snapshots must be checked on unseen fields and operating regimes.,https://upcommons.upc.edu/handle/2117/91502?locale-attribute=en,ecm-2017.pdf,"[""J. A. Hernandez"", ""M. A. Caicedo"", ""A. Ferrer""]","[""quadrature"", ""hyper-reduction""]","Computer Methods in Applied Mechanics and Engineering 313 (2017), 687–722",targeted_full_text,False,
world-models-2018,paper,World Models,World Models,2018,background,Learns a compact predictive environment model and trains a controller using that representation.,Historical bridge to learned simulation for control. A latent recurrent world model is not a discretization-convergent neural operator.,https://arxiv.org/abs/1803.10122,world-models-2018.pdf,"[""David Ha"", ""Jürgen Schmidhuber""]","[""world-models"", ""control""]",arXiv version collected; separate publication status not independently verified,abstract_screened,False,
deeponet-2019,paper,DeepONet,DeepONet: Learning nonlinear operators for identifying differential equations based on the universal approximation theorem of operators,2019,core,Represents an operator using an input-function encoder and a coordinate-dependent output representation.,Core architecture and reference for sensor-to-field prediction. The original fixed-sensor branch network does not automatically support arbitrary input sensor layouts.,https://arxiv.org/abs/1910.03193,deeponet-2019.pdf,"[""Lu Lu"", ""Pengzhan Jin"", ""George Em Karniadakis""]","[""operator-learning"", ""theory""]",arXiv version collected; separate publication status not independently verified,abstract_screened,False,
graph-kernel-2020,paper,Graph Kernel Network,Neural Operator: Graph Kernel Network for Partial Differential Equations,2020,background,Learns kernel interactions over spatial samples to approximate PDE solution maps.,Direct ancestor of integral neural operators and a useful connection to graph methods; graph sampling and numerical integration still affect the result.,https://arxiv.org/abs/2003.03485,graph-kernel-2020.pdf,"[""Zongyi Li"", ""Nikola Kovachki"", ""Kamyar Azizzadenesheli"", ""Burigede Liu"", ""Kaushik Bhattacharya"", ""Andrew Stuart"", ""Anima Anandkumar""]","[""operator-learning"", ""graphs""]",arXiv version collected; separate publication status not independently verified,abstract_screened,False,
fno-2020,paper,Fourier Neural Operator,Fourier Neural Operator for Parametric Partial Differential Equations,2020,core,Learns global interactions through spectral transformations for families of PDE problems.,"Essential architectural baseline. Keeping trained parameters across grids does not remove aliasing, spectral truncation, or discretization error.",https://arxiv.org/abs/2010.08895,fno-2020.pdf,"[""Zongyi Li"", ""Nikola Kovachki"", ""Kamyar Azizzadenesheli"", ""Burigede Liu"", ""Kaushik Bhattacharya"", ""Andrew Stuart"", ""Anima Anandkumar""]","[""operator-learning"", ""fourier"", ""fourier-neural-operators""]",ICLR 2021; cited as such in the 2026 seed,abstract_screened,False,
gns-2020,paper,Graph Network Simulator,Learning to Simulate Complex Physics with Graph Networks,2020,background,Learns particle-based physical simulation across materials using graph-network interactions.,Important adjacent physical-world-model baseline for deformable objects and fluids. Do not label every graph simulator as a neural operator in the stronger function-space sense.,https://arxiv.org/abs/2002.09405,gns-2020.pdf,"[""Alvaro Sanchez-Gonzalez"", ""Jonathan Godwin"", ""Tobias Pfaff"", ""Rex Ying"", ""Jure Leskovec"", ""Peter W. Battaglia""]","[""graphs"", ""physical-simulation"", ""world-models""]",arXiv version collected; separate publication status not independently verified,abstract_screened,False,
neural-operator-2021,paper,Neural operator foundations,Neural Operator: Learning Maps Between Function Spaces,2021,core,"Develops a function-space framework, approximation theory, and several efficient operator parameterizations.",Seed paper; read its low-rank and multipole constructions when considering acceleration. Formal expressivity results are distinct from sample efficiency and optimization success.,https://arxiv.org/abs/2108.08481,2108.08481v6.pdf,"[""Nikola Kovachki"", ""Zongyi Li"", ""Burigede Liu"", ""Kamyar Azizzadenesheli"", ""Kaushik Bhattacharya"", ""Andrew Stuart"", ""Anima Anandkumar""]","[""operator-learning"", ""theory""]",JMLR 24(89):1–97 (2023),targeted_full_text,True,
u-fno-2021,paper,U-FNO / CO2 storage,U-FNO -- An enhanced Fourier neural operator-based deep-learning model for multiphase flow,2021,application,Combines U-Net-style processing with Fourier operator components for multiphase subsurface flow.,"A concrete industrially relevant application: pressure and saturation fields during CO2 injection. Validation is for the modeled parameter family, not unrestricted reservoir transfer.",https://arxiv.org/abs/2109.03697,u-fno-2021.pdf,"[""Gege Wen"", ""Zongyi Li"", ""Kamyar Azizzadenesheli"", ""Anima Anandkumar"", ""Sally M. Benson""]","[""operator-learning"", ""subsurface"", ""fourier-neural-operators""]",arXiv version collected; separate publication status not independently verified,abstract_screened,False,
seismic-2021,paper,Seismic operators,Seismic wave propagation and inversion with Neural Operators,2021,application,Studies neural-operator surrogates for wave propagation and seismic inversion.,Shows how fast forward models can support inverse tasks. An inaccurate surrogate can bias inversion even when average forward error looks small.,https://arxiv.org/abs/2108.05421,seismic-2021.pdf,"[""Yan Yang"", ""Angela F. Gao"", ""Jorge C. Castellanos"", ""Zachary E. Ross"", ""Kamyar Azizzadenesheli"", ""Robert W. Clayton""]","[""operator-learning"", ""inverse-problems"", ""seismology"", ""fourier-neural-operators""]",arXiv version collected; separate publication status not independently verified,abstract_screened,False,
fourcastnet-2022,paper,FourCastNet,FourCastNet: A Global Data-driven High-resolution Weather Model using Adaptive Fourier Neural Operators,2022,core,Uses adaptive Fourier neural operators for global weather prediction and inexpensive ensembles.,Seed paper. Forecast inference speed is not training speed or complete operational-system speed; reanalysis data are not raw sparse sensor inputs.,https://arxiv.org/abs/2202.11214,2202.11214v1.pdf,"[""Jaideep Pathak"", ""Shashank Subramanian"", ""Peter Harrington"", ""Sanjeev Raja"", ""Ashesh Chattopadhyay"", ""Morteza Mardani"", ""Thorsten Kurth"", ""David Hall"", ""Zongyi Li"", ""Kamyar Azizzadenesheli"", ""Pedram Hassanzadeh"", ""Karthik Kashinath"", ""Anima Anandkumar""]","[""operator-learning"", ""weather"", ""fourier-neural-operators""]",arXiv version collected; separate publication status not independently verified,targeted_full_text,True,
pdebench-2022,paper,PDEBench,PDEBENCH: An Extensive Benchmark for Scientific Machine Learning,2022,resource,Provides multiple PDE datasets and baseline implementations for scientific machine learning.,Good controlled starting point for quadrature and operator comparisons. A selected subset is enough; simulation performance does not establish industrial readiness.,https://arxiv.org/abs/2210.07182,pdebench-2022.pdf,"[""Makoto Takamoto"", ""Timothy Praditia"", ""Raphael Leiteritz"", ""Dan MacKinlay"", ""Francesco Alesiani"", ""Dirk Pflüger"", ""Mathias Niepert""]","[""benchmarks"", ""physical-simulation""]",arXiv version collected; separate publication status not independently verified,abstract_screened,False,
nio-2023,paper,Neural Inverse Operators,Neural Inverse Operators for Solving PDE Inverse Problems,2023,application,Combines operator-learning components for PDE inverse problems where observations encode an operator-valued measurement map.,A direct inverse-problem connection. This formulation is more specific than treating every sparse-observation problem as the same inverse operator.,https://arxiv.org/abs/2301.11167,nio-2023.pdf,"[""Roberto Molinaro"", ""Yunan Yang"", ""Björn Engquist"", ""Siddhartha Mishra""]","[""operator-learning"", ""inverse-problems"", ""fourier-neural-operators""]",arXiv version collected; separate publication status not independently verified,abstract_screened,False,
em-design-2023,paper,Electromagnetic inverse design,A neural operator-based surrogate solver for free-form electromagnetic inverse design,2023,application,Uses a neural-operator surrogate for repeated electromagnetic evaluation during inverse design.,"Illustrates the many-query business case. Final designs should be checked using the original physical solver, since an optimizer may exploit surrogate error.",https://arxiv.org/abs/2302.01934,em-design-2023.pdf,"[""Yannick Augenstein"", ""Taavi Repän"", ""Carsten Rockstuhl""]","[""operator-learning"", ""inverse-design"", ""electromagnetics"", ""fourier-neural-operators""]",arXiv version collected; separate publication status not independently verified,abstract_screened,False,
sfno-2023,paper,Spherical FNO,Spherical Fourier Neural Operators: Learning Stable Dynamics on the Sphere,2023,core,Adapts spectral operator computation to spherical geometry for atmospheric dynamics.,A clear development after FourCastNet: geometry and rollout behavior matter. Long stable trajectories do not imply accurate day-by-day long-range weather forecasts.,https://arxiv.org/abs/2306.03838,sfno-2023.pdf,"[""Boris Bonev"", ""Thorsten Kurth"", ""Christian Hundt"", ""Jaideep Pathak"", ""Maximilian Baust"", ""Karthik Kashinath"", ""Anima Anandkumar""]","[""operator-learning"", ""weather"", ""fourier"", ""fourier-neural-operators""]",ICML 2023; PMLR 202,abstract_screened,False,
pde-control-2023,paper,PDE backstepping control,Neural Operators for PDE Backstepping Control of First-Order Hyperbolic PIDE with Recycle and Delay,2023,application,Approximates a controller-design operator with DeepONet for a hyperbolic system with recycle and delay.,"A genuine operator-learning/control connection. Controller-kernel approximation differs from learning an unconstrained robot world model, and stability arguments depend on the stated system assumptions.",https://arxiv.org/abs/2307.11436,pde-control-2023.pdf,"[""Jie Qi"", ""Jing Zhang"", ""Miroslav Krstic""]","[""operator-learning"", ""control""]",arXiv version collected; separate publication status not independently verified,abstract_screened,False,
gino-2023,paper,GINO / car aerodynamics,Geometry-Informed Neural Operator for Large-Scale 3D PDEs,2023,application,Combines graph-based geometry handling with a regular latent Fourier grid for 3D aerodynamic prediction.,"Strong example beyond weather and a baseline for irregular geometry. Geometry transfer is tested over a dataset family, not guaranteed across arbitrary equipment.",https://arxiv.org/abs/2309.00583,gino-2023.pdf,"[""Zongyi Li"", ""Nikola Kovachki"", ""Chris Choy"", ""Boyi Li"", ""Jean Kossaifi"", ""Shourya Prakash Otta"", ""Mohammad Amin Nabian"", ""Maximilian Stadler"", ""Christian Hundt"", ""Kamyar Azizzadenesheli"", ""Anima Anandkumar""]","[""operator-learning"", ""geometry"", ""aerodynamics"", ""fourier-neural-operators""]",arXiv version collected; separate publication status not independently verified,abstract_screened,False,
cecm-2023,paper,Continuous empirical cubature,CECM: A continuous empirical cubature method with application to the dimensional hyperreduction of parameterized finite element models,2023,core,Optimizes integration locations as well as weights to obtain small positive cubature rules.,Very close to smart-point selection. It assumes evaluations at movable points are available; fixed physical sensors impose a different feasible set.,https://arxiv.org/abs/2308.03877,cecm-2023.pdf,"[""J. A. Hernandez"", ""J. R. Bravo"", ""S. Ares de Parga""]","[""quadrature"", ""hyper-reduction""]",arXiv version collected; separate publication status not independently verified,targeted_full_text,False,
dreamerv3-2023,paper,DreamerV3,Mastering Diverse Domains through World Models,2023,core,Learns latent dynamics and improves an actor through imagined trajectories across control domains.,"Represents the action-conditioned world-model branch. It is not an FNO; compare control success and rollout robustness, not just reconstruction accuracy.",https://arxiv.org/abs/2301.04104,dreamerv3-2023.pdf,"[""Danijar Hafner"", ""Jurgis Pasukonis"", ""Jimmy Ba"", ""Timothy Lillicrap""]","[""world-models"", ""control""]",Collected arXiv precursor; journal article in Nature (2025) has title Mastering diverse control tasks through world models,abstract_screened,False,
optimal-sampling-2024,paper,Optimal sampling / Christoffel,Optimal sampling for least-squares approximation,2024,core,Explains weighted least-squares sampling strategies tied to the approximation space through Christoffel functions.,Important continuation of the sparse-approximation branch. Sampling training examples in a function space must be distinguished from choosing spatial quadrature nodes within one example.,https://arxiv.org/abs/2409.02342,optimal-sampling-2024.pdf,"[""Ben Adcock""]","[""sampling"", ""theory""]",arXiv version collected; separate publication status not independently verified,abstract_screened,False,
operator-sampling-2024,paper,Operator sample complexity,The Sample Complexity of Learning Lipschitz Operators with respect to Gaussian Measures,2024,core,"Analyzes information limits for learning Lipschitz operators under Gaussian measures, including adaptive linear samples.",The September 2026 revision changes the title and emphasis relative to older search snippets. Strong structure is needed to beat generic worst-case limits; this is not evidence that every adaptive scheme is ineffective in practice.,https://arxiv.org/abs/2410.23440,operator-sampling-2024.pdf,"[""Ben Adcock"", ""Michael Griebel"", ""Gregor Maier""]","[""sampling"", ""operator-learning"", ""theory""]",arXiv version collected; separate publication status not independently verified,targeted_full_text,False,
nonlinear-sampling-2024,paper,Nonlinear model-class sampling,A Unified Framework for Learning with Nonlinear Model Classes from Arbitrary Linear Samples,2024,core,"Unifies learning from linear samples for nonlinear model classes, including compressed sensing and active regression.",A mathematical bridge for designing informative measurements. Translating its assumptions into implementable neural-operator sampling rules is additional research.,https://proceedings.mlr.press/v235/adcock24a.html,nonlinear-sampling-2024.pdf,"[""Ben Adcock"", ""Juan M. Cardenas"", ""Nick Dexter""]","[""sampling"", ""compressed-sensing"", ""theory""]","ICML 2024, PMLR 235:169–202",abstract_screened,False,
fno-discretization-2024,paper,FNO discretization error,Discretization Error of Fourier Neural Operators,2024,core,Analyzes errors introduced when a continuous Fourier neural operator is evaluated on a finite grid.,Essential for the inference-quadrature thesis: accurately fitting training outputs does not determine how aggressively evaluation grids can be reduced.,https://arxiv.org/abs/2405.02221,fno-discretization-2024.pdf,"[""Samuel Lanthaler"", ""Andrew Stuart"", ""Margaret Trautner""]","[""quadrature"", ""operator-learning"", ""theory"", ""fourier-neural-operators""]",arXiv version collected; separate publication status not independently verified,targeted_full_text,False,
poseidon-2024,paper,Poseidon,Poseidon: Efficient Foundation Models for PDEs,2024,core,Pretrains a PDE model and adapts it to downstream physical problems.,Evidence of movement toward transfer across tasks and physics. Pretraining-scale costs differ sharply from a small thesis experiment using an existing model or benchmark.,https://arxiv.org/abs/2405.19101,poseidon-2024.pdf,"[""Maximilian Herde"", ""Bogdan Raonić"", ""Tobias Rohner"", ""Roger Käppeli"", ""Roberto Molinaro"", ""Emmanuel de Bézenac"", ""Siddhartha Mishra""]","[""operator-learning"", ""foundation-models""]",arXiv version collected; separate publication status not independently verified,abstract_screened,False,
kno-2024,paper,Kernel Neural Operators,"Kernel Neural Operators (KNOs) for Scalable, Memory-efficient, Geometrically-flexible Operator Learning",2024,core,Separates trainable kernel design from quadrature and supports geometrically flexible integral-operator computation.,One of the closest neural-operator references to the proposed project. The June 2026 revision adds substantial theory and kernel detail; fewer parameters alone do not prove fewer integration evaluations.,https://arxiv.org/abs/2407.00809,kno-2024.pdf,"[""Matthew Lowery"", ""John Turnage"", ""Zachary Morrow"", ""John D. Jakeman"", ""Akil Narayan"", ""Shandian Zhe"", ""Varun Shankar""]","[""quadrature"", ""operator-learning"", ""efficiency""]",arXiv version collected; separate publication status not independently verified,targeted_full_text,False,
well-2024,paper,The Well,The Well: a Large-Scale Collection of Diverse Physics Simulations for Machine Learning,2024,resource,Collects diverse spatiotemporal physical simulations with a common learning interface.,Useful for evaluating beyond familiar toy PDEs. Dataset size and difficult dynamics require careful subset selection for a master's project.,https://arxiv.org/abs/2412.00568,well-2024.pdf,"[""Ruben Ohana"", ""Michael McCabe"", ""Lucas Meyer"", ""Rudy Morel"", ""Fruzsina J. Agocs"", ""Miguel Beneitez"", ""Marsha Berger"", ""Blakesley Burkhart"", ""Keaton Burns"", ""Stuart B. Dalziel"", ""Drummond B. Fielding"", ""Daniel Fortunato"", ""Jared A. Goldberg"", ""Keiya Hirashima"", ""Yan-Fei Jiang"", ""Rich R. Kerswell"", ""Suryanarayana Maddu"", ""Jonah Miller"", ""Payel Mukhopadhyay"", ""Stefan S. Nixon"", ""Jeff Shen"", ""Romain Watteaux"", ""Bruno Régaldo-Saint Blancard"", ""François Rozet"", ""Liam H. Parker"", ""Miles Cranmer"", ""Shirley Ho""]","[""benchmarks"", ""physical-simulation""]",arXiv version collected; separate publication status not independently verified,abstract_screened,False,
pno-2024,paper,Planning Neural Operator,Generalizable Motion Planning via Operator Learning,2024,core,"Learns the map from spatial cost functions to motion-planning value functions, motivated by an Eikonal PDE.","Direct robotics evidence, including 4-DOF manipulation planning. It predicts a planning quantity rather than action-conditioned physical evolution of manipulated objects.",https://arxiv.org/abs/2410.17547,pno-2024.pdf,"[""Sharath Matada"", ""Luke Bhan"", ""Yuanyuan Shi"", ""Nikolay Atanasov""]","[""operator-learning"", ""robotics"", ""planning""]",ICLR 2025; inspected PDF states venue,targeted_full_text,False,
nfm-2024,paper,Neural Fourier Modelling,Neural Fourier Modelling: A Highly Compact Approach to Time-Series Analysis,2024,application,"Models time series in the frequency domain, including evaluation under changed sampling rates.",An adjacent signal-modeling baseline for industrial time series. Fourier-domain processing alone does not establish all function-space neural-operator guarantees.,https://arxiv.org/abs/2410.04703,nfm-2024.pdf,"[""Minjung Kim"", ""Yusuke Hioka"", ""Michael Witbrock""]","[""time-series"", ""fourier""]",arXiv version collected; separate publication status not independently verified,abstract_screened,False,
neuralop-library-2024,paper,NeuralOperator library,A Library for Learning Neural Operators,2024,resource,Provides implementations and training infrastructure for neural operator architectures.,"A practical starting point. Software support and installation should be checked when selecting the eventual experiment, rather than inferred from a paper's model name.",https://arxiv.org/abs/2412.10354,neuralop-library-2024.pdf,"[""Jean Kossaifi"", ""Nikola Kovachki"", ""Zongyi Li"", ""David Pitt"", ""Miguel Liu-Schiaffini"", ""Robert Joseph George"", ""Boris Bonev"", ""Kamyar Azizzadenesheli"", ""Julius Berner"", ""Valentin Duruisseaux"", ""Anima Anandkumar""]","[""operator-learning"", ""software""]",arXiv version collected; separate publication status not independently verified,abstract_screened,False,
ultrasound-2024,paper,Focused ultrasound / DeepONet,Convolutional Deep Operator Networks for Learning Nonlinear Focused Ultrasound Wave Propagation in Heterogeneous Spinal Cord Anatomy,2024,application,Predicts acoustic pressure fields for heterogeneous spinal-cord anatomy using a DeepONet surrogate.,Concrete biomedical application of repeated physical prediction. It uses simulated pressure maps; the paper is not evidence of clinical deployment or therapeutic benefit.,https://arxiv.org/abs/2412.16118,ultrasound-2024.pdf,"[""Avisha Kumar"", ""Xuzhe Zhi"", ""Zan Ahmad"", ""Minglang Yin"", ""Amir Manbachi""]","[""operator-learning"", ""biomedicine"", ""acoustics""]",arXiv version collected; separate publication status not independently verified,abstract_screened,False,
deepvivonet-2025,paper,DeepVIVONet / marine risers,DeepVIVONet: Using deep neural operators to optimize sensor locations with application to vortex-induced vibrations,2025,core,"Uses marine-riser field data for sparse reconstruction and forecasting, then optimizes sensor placement with an outer loop.",Closest applied match to industrial sensing. Transfer to different flow conditions involves transfer learning; optimized physical sensors are not the same as cheap post-acquisition quadrature subsampling.,https://arxiv.org/abs/2501.04105,deepvivonet-2025.pdf,"[""Ruyin Wan"", ""Ehsan Kharazmi"", ""Michael S Triantafyllou"", ""George Em Karniadakis""]","[""operator-learning"", ""sampling"", ""structural-monitoring""]",arXiv version collected; separate publication status not independently verified,targeted_full_text,False,
vjepa2-2025,paper,V-JEPA 2,"V-JEPA 2: Self-Supervised Video Models Enable Understanding, Prediction and Planning",2025,core,Combines video representation learning with action-conditioned post-training for robot planning.,Concrete manipulation/world-model reference. Robot interaction data are still used; reported zero-shot deployment is not zero robot training. Camera sensitivity and long-horizon errors remain material limitations.,https://arxiv.org/abs/2506.09985,vjepa2-2025.pdf,"[""Mido Assran"", ""Adrien Bardes"", ""David Fan"", ""Quentin Garrido"", ""Russell Howes"", ""Mojtaba"", ""Komeili"", ""Matthew Muckley"", ""Ammar Rizvi"", ""Claire Roberts"", ""Koustuv Sinha"", ""Artem Zholus"", ""Sergio Arnaud"", ""Abha Gejji"", ""Ada Martin"", ""Francois Robert Hogan"", ""Daniel Dugas"", ""Piotr Bojanowski"", ""Vasil Khalidov"", ""Patrick Labatut"", ""Francisco Massa"", ""Marc Szafraniec"", ""Kapil Krishnakumar"", ""Yong Li"", ""Xiaodong Ma"", ""Sarath Chandar"", ""Franziska Meier"", ""Yann LeCun"", ""Michael Rabbat"", ""Nicolas Ballas""]","[""world-models"", ""robotics"", ""planning""]",arXiv version collected; separate publication status not independently verified,targeted_full_text,False,
fourcastnet3-2025,paper,FourCastNet 3,FourCastNet 3: A geometric approach to probabilistic machine-learning weather forecasting at scale,2025,application,Moves toward probabilistic geometric weather forecasting with spherical convolution and efficient ensembles.,"A successor in the weather program, not simply the original AFNO made larger. Realistic long-run spectra and calibration must not be conflated with deterministic forecast skill at the same horizon.",https://arxiv.org/abs/2507.12144,fourcastnet3-2025.pdf,"[""Boris Bonev"", ""Thorsten Kurth"", ""Ankur Mahesh"", ""Mauro Bisson"", ""Jean Kossaifi"", ""Karthik Kashinath"", ""Anima Anandkumar"", ""William D. Collins"", ""Michael S. Pritchard"", ""Alexander Keller""]","[""weather"", ""probabilistic-models""]",arXiv version collected; separate publication status not independently verified,abstract_screened,False,
learnable-quadrature-2025,paper,PINNs with Learnable Quadrature,PINNs with Learnable Quadrature,2025,core,"Learns quadrature rules for PINN loss evaluation, with a hypernetwork extension across PDE instances.",Recent relevant prior art. Its main integration target is training-loss evaluation; applying its mechanism to neural-operator inference requires a separate argument and experiment.,https://papers.neurips.cc/paper_files/paper/2025/hash/382b95a6580cfb0b5ca33c74b4e0e770-Abstract-Conference.html,learnable-quadrature-2025.pdf,"[""Sourav Pal"", ""Kamyar Azizzadenesheli"", ""Vikas Singh""]","[""quadrature"", ""physics-informed-learning""]",NeurIPS 2025,targeted_full_text,False,
manufacturing-2025,paper,Additive-manufacturing distortion,Real-time distortion prediction in metallic additive manufacturing via a physics-informed neural operator approach,2025,application,"Combines operator and recurrent components to predict distortion from thermal history, with physics-based training constraints.","An industrial time-history example. The training/testing data come from an experimentally validated FEM generator, which is weaker evidence than independent end-to-end production deployment.",https://arxiv.org/abs/2511.13178,manufacturing-2025.pdf,"[""Mingxuan Tian"", ""Haochen Mu"", ""Donghong Ding"", ""Mengjiao Li"", ""Yuhan Ding"", ""Jianping Zhao""]","[""operator-learning"", ""manufacturing"", ""time-series""]",arXiv version collected; separate publication status not independently verified,targeted_full_text,False,
practical-fno-2025,paper,FNO practical guide,Fourier Neural Operators Explained: A Practical Perspective,2025,resource,"Explains Fourier neural operators, implementation decisions, and numerical behavior.",A practical companion to the theoretical seed. Read selected sections rather than reproducing a large architecture without understanding the transforms and discretization.,https://arxiv.org/abs/2512.01421,practical-fno-2025.pdf,"[""Valentin Duruisseaux"", ""Jean Kossaifi"", ""Anima Anandkumar""]","[""operator-learning"", ""fourier"", ""fourier-neural-operators""]",arXiv version collected; separate publication status not independently verified,abstract_screened,False,
soft-robot-2026,paper,Soft-robot shape control,Infinite-Dimensional Closed-Loop Inverse Kinematics for Soft Robots via Neural Operators,2026,core,Learns a differentiable actuation-to-shape operator and composes it with task maps for inverse kinematics.,Direct route back to robotics. The inspected demonstrations are analytical/model-based; do not treat them as validated real-hardware generalization or a general-purpose world model.,https://arxiv.org/abs/2602.18655,soft-robot-2026.pdf,"[""Carina Veil"", ""Moritz Flaschel"", ""Ellen Kuhl"", ""Cosimo Della Santina""]","[""operator-learning"", ""robotics"", ""control""]",arXiv version collected; separate publication status not independently verified,targeted_full_text,False,
theory-tour-2026,paper,Operator theory tour,"A short tour of operator learning theory: Convergence rates, statistical limits, and open questions",2026,core,Summarizes approximation rates and statistical limitations for operator learning.,"A compact recent bridge between the older polynomial paper and modern operator-learning theory. It is a survey, not independent empirical validation of all methods discussed.",https://arxiv.org/abs/2603.00819,theory-tour-2026.pdf,"[""Simone Brugiapaglia"", ""Nicola Rares Franco"", ""Nicholas H. Nelsen""]","[""operator-learning"", ""theory""]",arXiv version collected; separate publication status not independently verified,abstract_screened,False,
vjepa21-2026,paper,V-JEPA 2.1,V-JEPA 2.1: Unlocking Dense Features in Video Self-Supervised Learning,2026,application,Develops dense video/image representations through revised predictive objectives and reports downstream visual and robot evaluations.,Shows the world-model branch moving toward richer spatial features. This does not by itself establish accurate physical simulation or an operator architecture.,https://arxiv.org/abs/2603.14482,vjepa21-2026.pdf,"[""Lorenzo Mur-Labadia"", ""Matthew Muckley"", ""Amir Bar"", ""Mido Assran"", ""Koustuv Sinha"", ""Mike Rabbat"", ""Yann LeCun"", ""Nicolas Ballas"", ""Adrien Bardes""]","[""world-models"", ""representation-learning""]",arXiv version collected; separate publication status not independently verified,abstract_screened,False,
acoustic-quadrature-2026,paper,Quadrature-aware acoustics,Quadrature-Aware Complex-Linear Neural Operator for Boundary-to-Field Prediction in Resonant Acoustics,2026,core,"Uses a complex-linear, quadrature-aware boundary-to-field model for resonant acoustics.","Very close architectural prior art for coordinate-aware weighted integration. It does not establish optimal sparse-node selection, and known linear superposition is specific to the modeled setting.",https://arxiv.org/abs/2607.04407,acoustic-quadrature-2026.pdf,"[""Muhammad Idrees Khan"", ""Hua-Dong Yao""]","[""quadrature"", ""operator-learning"", ""acoustics""]",arXiv version collected; separate publication status not independently verified,abstract_screened,False,
composition-2026,paper,LatentDDM composition,Learnable composition for neural operators,2026,frontier,Pretrains local operators and adapts a lightweight composition module to changed domains or conditions.,"September 2026 preprint showing interest in modular transfer. Treat results as early evidence from selected benchmarks, not a settled foundation-model recipe.",https://arxiv.org/abs/2609.03069,composition-2026.pdf,"[""Zituo Chen"", ""Baiming Zhang"", ""Sili Deng""]","[""operator-learning"", ""foundation-models"", ""domain-decomposition""]",arXiv version collected; separate publication status not independently verified,targeted_full_text,False,
adaptive-cubature-2026,paper,Manifold-adaptive cubature,Dimensional hyperreduction of nonlinear finite element models via empirical cubature with manifold-adaptive weights,2026,frontier,Lets cubature weights vary with latent state and prunes integration entities in reduced finite-element models.,September 2026 preprint especially close to the proposed adaptive-inference idea. Reported point reductions are benchmark-specific and are not neural-operator runtime measurements.,https://arxiv.org/abs/2609.03068,adaptive-cubature-2026.pdf,"[""J. A. Hernandez"", ""S. Ares de Parga"", ""Riccardo Rossi""]","[""quadrature"", ""hyper-reduction""]",arXiv version collected; separate publication status not independently verified,targeted_full_text,False,
principled-2026,paper,Principled architectures,Principled approaches for extending neural architectures to function spaces for operator learning,2025,core,"Explains how to convert finite-dimensional network designs into function-space operators, with coordinates, quadrature and discretization convergence made explicit.","Seed paper published July 2026. Provides the architectural framing for this review; only a short time has elapsed since publication, so most recent papers are contemporaneous work rather than verified descendants.",https://www.nature.com/articles/s42256-026-01267-z,s42256-026-01267-z.pdf,"[""Julius Berner"", ""Miguel Liu-Schiaffini"", ""Jean Kossaifi"", ""Valentin Duruisseaux"", ""Boris Bonev"", ""Kamyar Azizzadenesheli"", ""Anima Anandkumar""]","[""operator-learning"", ""theory"", ""quadrature""]","Nature Machine Intelligence 8, 1173–1181 (2026); DOI 10.1038/s42256-026-01267-z",targeted_full_text,True,
frame-kernel-2026,paper,Multiscale frame kernels,The Frame Kernel Method for Multiscale Operator Learning,2026,frontier,Uses multiscale kernel-frame representations of input and output functions for operator learning.,"Late-August 2026 preprint offering a structured coefficient-space alternative to standard neural operators. A potentially useful comparator for sparse-basis ideas, but multiscale frames do not automatically imply sparse recoverability or cheap sensor acquisition.",https://arxiv.org/abs/2608.25084,frame-kernel-2026.pdf,"[""Branden Frieden"", ""Ryan Whitehead"", ""M. Keith Ballard"", ""Robert M. Kirby"", ""Varun Shankar""]","[""operator-learning"", ""multiscale"", ""efficiency""]",arXiv version collected; separate publication status not independently verified,abstract_screened,False,
author:chen-tianping,author,Tianping Chen,Tianping Chen,,,,,,,,,,,,
author:chen-hong,author,Hong Chen,Hong Chen,,,,,,,,,,,,
author:barrault-maxime,author,Maxime Barrault,Maxime Barrault,,,,,,,,,,,,
author:maday-yvon,author,Yvon Maday,Yvon Maday,,,,,,,,,,,,
author:nguyen-ngoc-cuong,author,Ngoc Cuong Nguyen,Ngoc Cuong Nguyen,,,,,,,,,,,,
author:patera-anthony-t,author,Anthony T. Patera,Anthony T. Patera,,,,,,,,,,,,
author:chaturantabut-saifon,author,Saifon Chaturantabut,Saifon Chaturantabut,,,,,,,,,,,,
author:sorensen-danny-c,author,Danny C. Sorensen,Danny C. Sorensen,,,,,,,,,,,,
author:candes-emmanuel,author,Emmanuel Candes,Emmanuel Candes,,,,,,,,,,,,
author:romberg-justin,author,Justin Romberg,Justin Romberg,,,,,,,,,,,,
author:tao-terence,author,Terence Tao,Terence Tao,,,,,,,,,,,,
author:heckel-reinhard,author,Reinhard Heckel,Reinhard Heckel,,,,,,,,,,,,
author:bolcskei-helmut,author,Helmut Bölcskei,Helmut Bölcskei,,,,,,,,,,,,
author:brunton-steven-l,author,Steven L. Brunton,Steven L. Brunton,,,,,,,,,,,,
author:proctor-joshua-l,author,Joshua L. Proctor,Joshua L. Proctor,,,,,,,,,,,,
author:kutz-j-nathan,author,J. Nathan Kutz,J. Nathan Kutz,,,,,,,,,,,,
author:adcock-ben,author,Ben Adcock,Ben Adcock,,,,,,,,,,,,
author:brugiapaglia-simone,author,Simone Brugiapaglia,Simone Brugiapaglia,,,,,,,,,,,,
author:webster-clayton-g,author,Clayton G. Webster,Clayton G. Webster,,,,,,,,,,,,
author:bora-ashish,author,Ashish Bora,Ashish Bora,,,,,,,,,,,,
author:jalal-ajil,author,Ajil Jalal,Ajil Jalal,,,,,,,,,,,,
author:price-eric,author,Eric Price,Eric Price,,,,,,,,,,,,
author:dimakis-alexandros-g,author,Alexandros G. Dimakis,Alexandros G. Dimakis,,,,,,,,,,,,
author:hernandez-j-a,author,J. A. Hernandez,J. A. Hernandez,,,,,,,,,,,,
author:caicedo-m-a,author,M. A. Caicedo,M. A. Caicedo,,,,,,,,,,,,
author:ferrer-a,author,A. Ferrer,A. Ferrer,,,,,,,,,,,,
author:ha-david,author,David Ha,David Ha,,,,,,,,,,,,
author:schmidhuber-jurgen,author,Jürgen Schmidhuber,Jürgen Schmidhuber,,,,,,,,,,,,
author:lu-lu,author,Lu Lu,Lu Lu,,,,,,,,,,,,
author:jin-pengzhan,author,Pengzhan Jin,Pengzhan Jin,,,,,,,,,,,,
author:karniadakis-george-em,author,George Em Karniadakis,George Em Karniadakis,,,,,,,,,,,,
author:li-zongyi,author,Zongyi Li,Zongyi Li,,,,,,,,,,,,
author:kovachki-nikola,author,Nikola Kovachki,Nikola Kovachki,,,,,,,,,,,,
author:azizzadenesheli-kamyar,author,Kamyar Azizzadenesheli,Kamyar Azizzadenesheli,,,,,,,,,,,,
author:liu-burigede,author,Burigede Liu,Burigede Liu,,,,,,,,,,,,
author:bhattacharya-kaushik,author,Kaushik Bhattacharya,Kaushik Bhattacharya,,,,,,,,,,,,
author:stuart-andrew,author,Andrew Stuart,Andrew Stuart,,,,,,,,,,,,
author:anandkumar-anima,author,Anima Anandkumar,Anima Anandkumar,,,,,,,,,,,,
author:sanchez-gonzalez-alvaro,author,Alvaro Sanchez-Gonzalez,Alvaro Sanchez-Gonzalez,,,,,,,,,,,,
author:godwin-jonathan,author,Jonathan Godwin,Jonathan Godwin,,,,,,,,,,,,
author:pfaff-tobias,author,Tobias Pfaff,Tobias Pfaff,,,,,,,,,,,,
author:ying-rex,author,Rex Ying,Rex Ying,,,,,,,,,,,,
author:leskovec-jure,author,Jure Leskovec,Jure Leskovec,,,,,,,,,,,,
author:battaglia-peter-w,author,Peter W. Battaglia,Peter W. Battaglia,,,,,,,,,,,,
author:wen-gege,author,Gege Wen,Gege Wen,,,,,,,,,,,,
author:benson-sally-m,author,Sally M. Benson,Sally M. Benson,,,,,,,,,,,,
author:yang-yan,author,Yan Yang,Yan Yang,,,,,,,,,,,,
author:gao-angela-f,author,Angela F. Gao,Angela F. Gao,,,,,,,,,,,,
author:castellanos-jorge-c,author,Jorge C. Castellanos,Jorge C. Castellanos,,,,,,,,,,,,
author:ross-zachary-e,author,Zachary E. Ross,Zachary E. Ross,,,,,,,,,,,,
author:clayton-robert-w,author,Robert W. Clayton,Robert W. Clayton,,,,,,,,,,,,
author:pathak-jaideep,author,Jaideep Pathak,Jaideep Pathak,,,,,,,,,,,,
author:subramanian-shashank,author,Shashank Subramanian,Shashank Subramanian,,,,,,,,,,,,
author:harrington-peter,author,Peter Harrington,Peter Harrington,,,,,,,,,,,,
author:raja-sanjeev,author,Sanjeev Raja,Sanjeev Raja,,,,,,,,,,,,
author:chattopadhyay-ashesh,author,Ashesh Chattopadhyay,Ashesh Chattopadhyay,,,,,,,,,,,,
author:mardani-morteza,author,Morteza Mardani,Morteza Mardani,,,,,,,,,,,,
author:kurth-thorsten,author,Thorsten Kurth,Thorsten Kurth,,,,,,,,,,,,
author:hall-david,author,David Hall,David Hall,,,,,,,,,,,,
author:hassanzadeh-pedram,author,Pedram Hassanzadeh,Pedram Hassanzadeh,,,,,,,,,,,,
author:kashinath-karthik,author,Karthik Kashinath,Karthik Kashinath,,,,,,,,,,,,
author:takamoto-makoto,author,Makoto Takamoto,Makoto Takamoto,,,,,,,,,,,,
author:praditia-timothy,author,Timothy Praditia,Timothy Praditia,,,,,,,,,,,,
author:leiteritz-raphael,author,Raphael Leiteritz,Raphael Leiteritz,,,,,,,,,,,,
author:mackinlay-dan,author,Dan MacKinlay,Dan MacKinlay,,,,,,,,,,,,
author:alesiani-francesco,author,Francesco Alesiani,Francesco Alesiani,,,,,,,,,,,,
author:pfluger-dirk,author,Dirk Pflüger,Dirk Pflüger,,,,,,,,,,,,
author:niepert-mathias,author,Mathias Niepert,Mathias Niepert,,,,,,,,,,,,
author:molinaro-roberto,author,Roberto Molinaro,Roberto Molinaro,,,,,,,,,,,,
author:yang-yunan,author,Yunan Yang,Yunan Yang,,,,,,,,,,,,
author:engquist-bjorn,author,Björn Engquist,Björn Engquist,,,,,,,,,,,,
author:mishra-siddhartha,author,Siddhartha Mishra,Siddhartha Mishra,,,,,,,,,,,,
author:augenstein-yannick,author,Yannick Augenstein,Yannick Augenstein,,,,,,,,,,,,
author:repan-taavi,author,Taavi Repän,Taavi Repän,,,,,,,,,,,,
author:rockstuhl-carsten,author,Carsten Rockstuhl,Carsten Rockstuhl,,,,,,,,,,,,
author:bonev-boris,author,Boris Bonev,Boris Bonev,,,,,,,,,,,,
author:hundt-christian,author,Christian Hundt,Christian Hundt,,,,,,,,,,,,
author:baust-maximilian,author,Maximilian Baust,Maximilian Baust,,,,,,,,,,,,
author:qi-jie,author,Jie Qi,Jie Qi,,,,,,,,,,,,
author:zhang-jing,author,Jing Zhang,Jing Zhang,,,,,,,,,,,,
author:krstic-miroslav,author,Miroslav Krstic,Miroslav Krstic,,,,,,,,,,,,
author:choy-chris,author,Chris Choy,Chris Choy,,,,,,,,,,,,
author:li-boyi,author,Boyi Li,Boyi Li,,,,,,,,,,,,
author:kossaifi-jean,author,Jean Kossaifi,Jean Kossaifi,,,,,,,,,,,,
author:otta-shourya-prakash,author,Shourya Prakash Otta,Shourya Prakash Otta,,,,,,,,,,,,
author:nabian-mohammad-amin,author,Mohammad Amin Nabian,Mohammad Amin Nabian,,,,,,,,,,,,
author:stadler-maximilian,author,Maximilian Stadler,Maximilian Stadler,,,,,,,,,,,,
author:bravo-j-r,author,J. R. Bravo,J. R. Bravo,,,,,,,,,,,,
author:de-parga-s-ares,author,S. Ares de Parga,S. Ares de Parga,,,,,,,,,,,,
author:hafner-danijar,author,Danijar Hafner,Danijar Hafner,,,,,,,,,,,,
author:pasukonis-jurgis,author,Jurgis Pasukonis,Jurgis Pasukonis,,,,,,,,,,,,
author:ba-jimmy,author,Jimmy Ba,Jimmy Ba,,,,,,,,,,,,
author:lillicrap-timothy,author,Timothy Lillicrap,Timothy Lillicrap,,,,,,,,,,,,
author:griebel-michael,author,Michael Griebel,Michael Griebel,,,,,,,,,,,,
author:maier-gregor,author,Gregor Maier,Gregor Maier,,,,,,,,,,,,
author:cardenas-juan-m,author,Juan M. Cardenas,Juan M. Cardenas,,,,,,,,,,,,
author:dexter-nick,author,Nick Dexter,Nick Dexter,,,,,,,,,,,,
author:lanthaler-samuel,author,Samuel Lanthaler,Samuel Lanthaler,,,,,,,,,,,,
author:trautner-margaret,author,Margaret Trautner,Margaret Trautner,,,,,,,,,,,,
author:herde-maximilian,author,Maximilian Herde,Maximilian Herde,,,,,,,,,,,,
author:raonic-bogdan,author,Bogdan Raonić,Bogdan Raonić,,,,,,,,,,,,
author:rohner-tobias,author,Tobias Rohner,Tobias Rohner,,,,,,,,,,,,
author:kappeli-roger,author,Roger Käppeli,Roger Käppeli,,,,,,,,,,,,
author:de-bezenac-emmanuel,author,Emmanuel de Bézenac,Emmanuel de Bézenac,,,,,,,,,,,,
author:lowery-matthew,author,Matthew Lowery,Matthew Lowery,,,,,,,,,,,,
author:turnage-john,author,John Turnage,John Turnage,,,,,,,,,,,,
author:morrow-zachary,author,Zachary Morrow,Zachary Morrow,,,,,,,,,,,,
author:jakeman-john-d,author,John D. Jakeman,John D. Jakeman,,,,,,,,,,,,
author:narayan-akil,author,Akil Narayan,Akil Narayan,,,,,,,,,,,,
author:zhe-shandian,author,Shandian Zhe,Shandian Zhe,,,,,,,,,,,,
author:shankar-varun,author,Varun Shankar,Varun Shankar,,,,,,,,,,,,
author:ohana-ruben,author,Ruben Ohana,Ruben Ohana,,,,,,,,,,,,
author:mccabe-michael,author,Michael McCabe,Michael McCabe,,,,,,,,,,,,
author:meyer-lucas,author,Lucas Meyer,Lucas Meyer,,,,,,,,,,,,
author:morel-rudy,author,Rudy Morel,Rudy Morel,,,,,,,,,,,,
author:agocs-fruzsina-j,author,Fruzsina J. Agocs,Fruzsina J. Agocs,,,,,,,,,,,,
author:beneitez-miguel,author,Miguel Beneitez,Miguel Beneitez,,,,,,,,,,,,
author:berger-marsha,author,Marsha Berger,Marsha Berger,,,,,,,,,,,,
author:burkhart-blakesley,author,Blakesley Burkhart,Blakesley Burkhart,,,,,,,,,,,,
author:burns-keaton,author,Keaton Burns,Keaton Burns,,,,,,,,,,,,
author:dalziel-stuart-b,author,Stuart B. Dalziel,Stuart B. Dalziel,,,,,,,,,,,,
author:fielding-drummond-b,author,Drummond B. Fielding,Drummond B. Fielding,,,,,,,,,,,,
author:fortunato-daniel,author,Daniel Fortunato,Daniel Fortunato,,,,,,,,,,,,
author:goldberg-jared-a,author,Jared A. Goldberg,Jared A. Goldberg,,,,,,,,,,,,
author:hirashima-keiya,author,Keiya Hirashima,Keiya Hirashima,,,,,,,,,,,,
author:jiang-yan-fei,author,Yan-Fei Jiang,Yan-Fei Jiang,,,,,,,,,,,,
author:kerswell-rich-r,author,Rich R. Kerswell,Rich R. Kerswell,,,,,,,,,,,,
author:maddu-suryanarayana,author,Suryanarayana Maddu,Suryanarayana Maddu,,,,,,,,,,,,
author:miller-jonah,author,Jonah Miller,Jonah Miller,,,,,,,,,,,,
author:mukhopadhyay-payel,author,Payel Mukhopadhyay,Payel Mukhopadhyay,,,,,,,,,,,,
author:nixon-stefan-s,author,Stefan S. Nixon,Stefan S. Nixon,,,,,,,,,,,,
author:shen-jeff,author,Jeff Shen,Jeff Shen,,,,,,,,,,,,
author:watteaux-romain,author,Romain Watteaux,Romain Watteaux,,,,,,,,,,,,
author:blancard-bruno-regaldo-saint,author,Bruno Régaldo-Saint Blancard,Bruno Régaldo-Saint Blancard,,,,,,,,,,,,
author:rozet-francois,author,François Rozet,François Rozet,,,,,,,,,,,,
author:parker-liam-h,author,Liam H. Parker,Liam H. Parker,,,,,,,,,,,,
author:cranmer-miles,author,Miles Cranmer,Miles Cranmer,,,,,,,,,,,,
author:ho-shirley,author,Shirley Ho,Shirley Ho,,,,,,,,,,,,
author:matada-sharath,author,Sharath Matada,Sharath Matada,,,,,,,,,,,,
author:bhan-luke,author,Luke Bhan,Luke Bhan,,,,,,,,,,,,
author:shi-yuanyuan,author,Yuanyuan Shi,Yuanyuan Shi,,,,,,,,,,,,
author:atanasov-nikolay,author,Nikolay Atanasov,Nikolay Atanasov,,,,,,,,,,,,
author:kim-minjung,author,Minjung Kim,Minjung Kim,,,,,,,,,,,,
author:hioka-yusuke,author,Yusuke Hioka,Yusuke Hioka,,,,,,,,,,,,
author:witbrock-michael,author,Michael Witbrock,Michael Witbrock,,,,,,,,,,,,
author:pitt-david,author,David Pitt,David Pitt,,,,,,,,,,,,
author:liu-schiaffini-miguel,author,Miguel Liu-Schiaffini,Miguel Liu-Schiaffini,,,,,,,,,,,,
author:george-robert-joseph,author,Robert Joseph George,Robert Joseph George,,,,,,,,,,,,
author:berner-julius,author,Julius Berner,Julius Berner,,,,,,,,,,,,
author:duruisseaux-valentin,author,Valentin Duruisseaux,Valentin Duruisseaux,,,,,,,,,,,,
author:kumar-avisha,author,Avisha Kumar,Avisha Kumar,,,,,,,,,,,,
author:zhi-xuzhe,author,Xuzhe Zhi,Xuzhe Zhi,,,,,,,,,,,,
author:ahmad-zan,author,Zan Ahmad,Zan Ahmad,,,,,,,,,,,,
author:yin-minglang,author,Minglang Yin,Minglang Yin,,,,,,,,,,,,
author:manbachi-amir,author,Amir Manbachi,Amir Manbachi,,,,,,,,,,,,
author:wan-ruyin,author,Ruyin Wan,Ruyin Wan,,,,,,,,,,,,
author:kharazmi-ehsan,author,Ehsan Kharazmi,Ehsan Kharazmi,,,,,,,,,,,,
author:triantafyllou-michael-s,author,Michael S Triantafyllou,Michael S Triantafyllou,,,,,,,,,,,,
author:assran-mido,author,Mido Assran,Mido Assran,,,,,,,,,,,,
author:bardes-adrien,author,Adrien Bardes,Adrien Bardes,,,,,,,,,,,,
author:fan-david,author,David Fan,David Fan,,,,,,,,,,,,
author:garrido-quentin,author,Quentin Garrido,Quentin Garrido,,,,,,,,,,,,
author:howes-russell,author,Russell Howes,Russell Howes,,,,,,,,,,,,
author:mojtaba,author,Mojtaba,Mojtaba,,,,,,,,,,,,
author:komeili,author,Komeili,Komeili,,,,,,,,,,,,
author:muckley-matthew,author,Matthew Muckley,Matthew Muckley,,,,,,,,,,,,
author:rizvi-ammar,author,Ammar Rizvi,Ammar Rizvi,,,,,,,,,,,,
author:roberts-claire,author,Claire Roberts,Claire Roberts,,,,,,,,,,,,
author:sinha-koustuv,author,Koustuv Sinha,Koustuv Sinha,,,,,,,,,,,,
author:zholus-artem,author,Artem Zholus,Artem Zholus,,,,,,,,,,,,
author:arnaud-sergio,author,Sergio Arnaud,Sergio Arnaud,,,,,,,,,,,,
author:gejji-abha,author,Abha Gejji,Abha Gejji,,,,,,,,,,,,
author:martin-ada,author,Ada Martin,Ada Martin,,,,,,,,,,,,
author:hogan-francois-robert,author,Francois Robert Hogan,Francois Robert Hogan,,,,,,,,,,,,
author:dugas-daniel,author,Daniel Dugas,Daniel Dugas,,,,,,,,,,,,
author:bojanowski-piotr,author,Piotr Bojanowski,Piotr Bojanowski,,,,,,,,,,,,
author:khalidov-vasil,author,Vasil Khalidov,Vasil Khalidov,,,,,,,,,,,,
author:labatut-patrick,author,Patrick Labatut,Patrick Labatut,,,,,,,,,,,,
author:massa-francisco,author,Francisco Massa,Francisco Massa,,,,,,,,,,,,
author:szafraniec-marc,author,Marc Szafraniec,Marc Szafraniec,,,,,,,,,,,,
author:krishnakumar-kapil,author,Kapil Krishnakumar,Kapil Krishnakumar,,,,,,,,,,,,
author:li-yong,author,Yong Li,Yong Li,,,,,,,,,,,,
author:ma-xiaodong,author,Xiaodong Ma,Xiaodong Ma,,,,,,,,,,,,
author:chandar-sarath,author,Sarath Chandar,Sarath Chandar,,,,,,,,,,,,
author:meier-franziska,author,Franziska Meier,Franziska Meier,,,,,,,,,,,,
author:lecun-yann,author,Yann LeCun,Yann LeCun,,,,,,,,,,,,
author:rabbat-michael,author,Michael Rabbat,Michael Rabbat,,,,,,,,,,,,
author:ballas-nicolas,author,Nicolas Ballas,Nicolas Ballas,,,,,,,,,,,,
author:mahesh-ankur,author,Ankur Mahesh,Ankur Mahesh,,,,,,,,,,,,
author:bisson-mauro,author,Mauro Bisson,Mauro Bisson,,,,,,,,,,,,
author:collins-william-d,author,William D. Collins,William D. Collins,,,,,,,,,,,,
author:pritchard-michael-s,author,Michael S. Pritchard,Michael S. Pritchard,,,,,,,,,,,,
author:keller-alexander,author,Alexander Keller,Alexander Keller,,,,,,,,,,,,
author:pal-sourav,author,Sourav Pal,Sourav Pal,,,,,,,,,,,,
author:singh-vikas,author,Vikas Singh,Vikas Singh,,,,,,,,,,,,
author:tian-mingxuan,author,Mingxuan Tian,Mingxuan Tian,,,,,,,,,,,,
author:mu-haochen,author,Haochen Mu,Haochen Mu,,,,,,,,,,,,
author:ding-donghong,author,Donghong Ding,Donghong Ding,,,,,,,,,,,,
author:li-mengjiao,author,Mengjiao Li,Mengjiao Li,,,,,,,,,,,,
author:ding-yuhan,author,Yuhan Ding,Yuhan Ding,,,,,,,,,,,,
author:zhao-jianping,author,Jianping Zhao,Jianping Zhao,,,,,,,,,,,,
author:veil-carina,author,Carina Veil,Carina Veil,,,,,,,,,,,,
author:flaschel-moritz,author,Moritz Flaschel,Moritz Flaschel,,,,,,,,,,,,
author:kuhl-ellen,author,Ellen Kuhl,Ellen Kuhl,,,,,,,,,,,,
author:della-santina-cosimo,author,Cosimo Della Santina,Cosimo Della Santina,,,,,,,,,,,,
author:franco-nicola-rares,author,Nicola Rares Franco,Nicola Rares Franco,,,,,,,,,,,,
author:nelsen-nicholas-h,author,Nicholas H. Nelsen,Nicholas H. Nelsen,,,,,,,,,,,,
author:mur-labadia-lorenzo,author,Lorenzo Mur-Labadia,Lorenzo Mur-Labadia,,,,,,,,,,,,
author:bar-amir,author,Amir Bar,Amir Bar,,,,,,,,,,,,
author:rabbat-mike,author,Mike Rabbat,Mike Rabbat,,,,,,,,,,,,
author:khan-muhammad-idrees,author,Muhammad Idrees Khan,Muhammad Idrees Khan,,,,,,,,,,,,
author:yao-hua-dong,author,Hua-Dong Yao,Hua-Dong Yao,,,,,,,,,,,,
author:chen-zituo,author,Zituo Chen,Zituo Chen,,,,,,,,,,,,
author:zhang-baiming,author,Baiming Zhang,Baiming Zhang,,,,,,,,,,,,
author:deng-sili,author,Sili Deng,Sili Deng,,,,,,,,,,,,
author:rossi-riccardo,author,Riccardo Rossi,Riccardo Rossi,,,,,,,,,,,,
author:frieden-branden,author,Branden Frieden,Branden Frieden,,,,,,,,,,,,
author:whitehead-ryan,author,Ryan Whitehead,Ryan Whitehead,,,,,,,,,,,,
author:ballard-m-keith,author,M. Keith Ballard,M. Keith Ballard,,,,,,,,,,,,
author:kirby-robert-m,author,Robert M. Kirby,Robert M. Kirby,,,,,,,,,,,,
field:operator-learning,field,Operator Learning,Operator Learning,,,,,,,,,,,,
field:theory,field,Theory,Theory,,,,,,,,,,,,
field:quadrature,field,Quadrature,Quadrature,,,,,,,,,,,,
field:hyper-reduction,field,Hyper Reduction,Hyper Reduction,,,,,,,,,,,,
field:sampling,field,Sampling,Sampling,,,,,,,,,,,,
field:compressed-sensing,field,Compressed Sensing,Compressed Sensing,,,,,,,,,,,,
field:system-identification,field,System Identification,System Identification,,,,,,,,,,,,
field:inverse-problems,field,Inverse Problems,Inverse Problems,,,,,,,,,,,,
field:world-models,field,World Models,World Models,,,,,,,,,,,,
field:control,field,Control,Control,,,,,,,,,,,,
field:graphs,field,Graphs,Graphs,,,,,,,,,,,,
field:fourier,field,Fourier,Fourier,,,,,,,,,,,,
field:fourier-neural-operators,field,Fourier Neural Operators,Fourier Neural Operators,,,,,,,,,,,,
field:physical-simulation,field,Physical Simulation,Physical Simulation,,,,,,,,,,,,
field:subsurface,field,Subsurface,Subsurface,,,,,,,,,,,,
field:seismology,field,Seismology,Seismology,,,,,,,,,,,,
field:weather,field,Weather,Weather,,,,,,,,,,,,
field:benchmarks,field,Benchmarks,Benchmarks,,,,,,,,,,,,
field:inverse-design,field,Inverse Design,Inverse Design,,,,,,,,,,,,
field:electromagnetics,field,Electromagnetics,Electromagnetics,,,,,,,,,,,,
field:geometry,field,Geometry,Geometry,,,,,,,,,,,,
field:aerodynamics,field,Aerodynamics,Aerodynamics,,,,,,,,,,,,
field:foundation-models,field,Foundation Models,Foundation Models,,,,,,,,,,,,
field:efficiency,field,Efficiency,Efficiency,,,,,,,,,,,,
field:robotics,field,Robotics,Robotics,,,,,,,,,,,,
field:planning,field,Planning,Planning,,,,,,,,,,,,
field:time-series,field,Time Series,Time Series,,,,,,,,,,,,
field:software,field,Software,Software,,,,,,,,,,,,
field:biomedicine,field,Biomedicine,Biomedicine,,,,,,,,,,,,
field:acoustics,field,Acoustics,Acoustics,,,,,,,,,,,,
field:structural-monitoring,field,Structural Monitoring,Structural Monitoring,,,,,,,,,,,,
field:probabilistic-models,field,Probabilistic Models,Probabilistic Models,,,,,,,,,,,,
field:physics-informed-learning,field,Physics Informed Learning,Physics Informed Learning,,,,,,,,,,,,
field:manufacturing,field,Manufacturing,Manufacturing,,,,,,,,,,,,
field:representation-learning,field,Representation Learning,Representation Learning,,,,,,,,,,,,
field:domain-decomposition,field,Domain Decomposition,Domain Decomposition,,,,,,,,,,,,
field:multiscale,field,Multiscale,Multiscale,,,,,,,,,,,,
area:operators,area,Operator learning,Operator learning,,,,,,,,,,,,29
area:fourier,area,Fourier neural operators,Fourier neural operators,,,,,,,,,,,,10
area:sparse,area,Sparse recovery & sampling,Sparse recovery & sampling,,,,,,,,,,,,10
area:integration,area,Quadrature & model reduction,Quadrature & model reduction,,,,,,,,,,,,11
area:engineering,area,Physical simulation & engineering,Physical simulation & engineering,,,,,,,,,,,,10
area:weather,area,Weather & climate,Weather & climate,,,,,,,,,,,,3
area:robotics,area,Robotics & control,Robotics & control,,,,,,,,,,,,6
area:world,area,World models & representations,World models & representations,,,,,,,,,,,,5
area:foundation,area,Foundation models & transfer,Foundation models & transfer,,,,,,,,,,,,2
area:inverse,area,Inverse problems & design,Inverse problems & design,,,,,,,,,,,,4
area:timeseries,area,Time series & monitoring,Time series & monitoring,,,,,,,,,,,,3
